isla;especie_nombre;raza_nombre;tipo_animal_ganado_nombre;censo
Tenerife;Dorada (Sparus aurata);No aplicable;Nº de adultos de engorde;3125000
Tenerife;Lubina o robalo (Dicentrarchus labrax);No aplicable;Nº de adultos de engorde;2420000
Tenerife;Gallinas;Desconocido;Granjas de producción para carne;953520
Tenerife;Gallinas;Desconocido;Granjas de producción para huevos. En jaula;600225
Tenerife;Pulpo (Octopus vulgaris);No aplicable;Nº de huevos;500000
Tenerife;Gallinas;Desconocido;Incubadoras;208200
Tenerife;Gallinas;Desconocido;Granjas de cría para huevos (aves de explotación);147855
Tenerife;Gallinas;Desconocido;Granjas de producción para huevos. Campera;27821
Tenerife;Caprinos;Tinerfeña;Reproductoras hembra;21281
Tenerife;Gallinas;Desconocido;Granjas de producción para huevos. En suelo;18486
Tenerife;Abejas;Negra Canaria;Trashumante;10510
Tenerife;Caracoles;Desconocido;Total;10000
Tenerife;Porcinos;Mestiza;Cebo;9199
Tenerife;Conejos;Híbrido Selecto;Cebo;6350
Tenerife;Porcinos;Mestiza;Lechones;5143
Tenerife;Porcinos;Mestiza;Recría/Transición;4907
Tenerife;Abejas;Negra Canaria;Estante;4604
Tenerife;Gallinas;Desconocido;Granjas de producción para huevos. Ecológica;3497
Tenerife;Caprinos;Tinerfeña;No reproductores de 4 a 12 meses;3316
Tenerife;Caprinos;Majorera;Reproductoras hembra;3190
Tenerife;Caprinos;Tinerfeña;No reproductores menores de 4 meses;3038
Tenerife;Ovinos;Canaria de Pelo;Reproductoras hembra;2610
Tenerife;Perdices;Desconocido;Granjas de selección para caza para repoblación;2500
Tenerife;Porcinos;Mestiza;Cerdas;2138
Tenerife;Ovinos;Canaria;Reproductoras hembra;1337
Tenerife;Conejos;Híbrido Selecto;Madres;1118
Tenerife;Caprinos;Tinerfeña;Reproductores macho;905
Tenerife;Bovinos;Mestiza;Cebo;814
Tenerife;Gallinas;Desconocido;Desconocido;813
Tenerife;Bovinos;Frisona Europea;Reproductoras hembra;778
Tenerife;Bovinos;Angus;Cebo;732
Tenerife;Caprinos;Agrupación Canaria;Reproductoras hembra;671
Tenerife;Ovinos;Canaria de Pelo;No reproductores menores de 4 meses;659
Tenerife;Conejos;Híbrido Selecto;Reposición;594
Tenerife;Bovinos;Blanc Blue Belge (BBB);Cebo;557
Tenerife;Conejos;Híbrido Selecto;Reproductoras hembra;552
Tenerife;Caprinos;Majorera;No reproductores de 4 a 12 meses;527
Tenerife;Pulpo (Octopus vulgaris);No aplicable;Nº de reproductores;500
Tenerife;Pez de limón (Seriola dumerili);No aplicable;Nº de reproductores;500
Tenerife;Mero (Epinephelus marginatus);No aplicable;Nº de reproductores;500
Tenerife;Dorada (Sparus aurata);No aplicable;Nº de reproductores;500
Tenerife;Porcinos;Negra Canaria;Cebo;418
Tenerife;Abejas;Híbrida;Trashumante;405
Tenerife;Ovinos;Canaria de Pelo;No reproductores de 4 a 12 meses;403
Tenerife;Bovinos;Canaria;Reproductoras hembra;402
Tenerife;Ovinos;Canaria;No reproductores de 4 a 12 meses;320
Tenerife;Caprinos;Majorera;No reproductores menores de 4 meses;319
Tenerife;Porcinos;Mestiza;Reposición;318
Tenerife;Ovinos;Canaria;No reproductores menores de 4 meses;318
Tenerife;Bovinos;Frisona Europea;Reposición;318
Tenerife;Porcinos;Negra Canaria;Lechones;311
Tenerife;Caballos;Mestiza;No reproductores con más de 36 meses;280
Tenerife;Ovinos;Canaria de Pelo;Cebo;278
Tenerife;Caprinos;Otro;Reproductoras hembra;273
Tenerife;Porcinos;Negra Canaria;Cerdas;266
Tenerife;Caprinos;Mestiza;Reproductoras hembra;215
Tenerife;Caballos;Mestiza;Hembras de vientre con más de 36 meses;213
Tenerife;Codornices;Desconocido;Granjas de cría para carne;200
Tenerife;Bovinos;Canaria;Reproductores macho;198
Tenerife;Conejos;Neozelandés;Cebo;190
Tenerife;Bovinos;Canaria;Reposición;186
Tenerife;Caballos;Caballo de Deporte Español;No reproductores con más de 36 meses;171
Tenerife;Conejos;Híbrido Selecto;Abuelas;164
Tenerife;Conejos;Desconocido;Cebo;160
Tenerife;Abejas;Desconocido;Estante;150
Tenerife;Bovinos;Mestiza;Reproductoras hembra;146
Tenerife;Porcinos;Negra Canaria;Recría/Transición;145
Tenerife;Caprinos;Majorera;Reproductores macho;136
Tenerife;Caprinos;Agrupación Canaria;No reproductores de 4 a 12 meses;128
Tenerife;Bovinos;Frisona Europea;Cebo;126
Tenerife;Porcinos;Yorkshire;Cerdas;120
Tenerife;Conejos;Neozelandés;Reproductoras hembra;120
Tenerife;Codornices;Desconocido;Granjas de producción para huevos;115
Tenerife;Ovinos;Canaria de Pelo;Reproductores macho;110
Tenerife;Porcinos;Yorkshire;Cebo;100
Tenerife;Caprinos;Agrupación Canaria;No reproductores menores de 4 meses;98
Tenerife;Abejas;Híbrida;Estante;84
Tenerife;Porcinos;Negra Canaria;Reposición;77
Tenerife;Bovinos;Fleickvieh;Reproductoras hembra;77
Tenerife;Porcinos;Yorkshire;Lechones;75
Tenerife;Caballos;Pura Raza Española (PRE);Hembras de vientre con más de 36 meses;73
Tenerife;Porcinos;Yorkshire;Recría/Transición;70
Tenerife;Conejos;Desconocido;Abuelos;70
Tenerife;Ovinos;Canaria;Reproductores macho;68
Tenerife;Caballos;Otro;No reproductores con más de 36 meses;68
Tenerife;Caballos;Pura Raza Árabe (PRA);Hembras de vientre con más de 36 meses;65
Tenerife;Caballos;Pura Raza Española (PRE);Sementales con más de 36 meses;63
Tenerife;Mulas;Mestiza;No reproductores con más de 36 meses;53
Tenerife;Bovinos;Blonde D'Aquitaine;Reproductoras hembra;53
Tenerife;Pintadas;Desconocido;Granjas de multiplicación para huevos;50
Tenerife;Bovinos;Frisona Europea;Reproductores macho;50
Tenerife;Bovinos;Blonde D'Aquitaine;Cebo;50
Tenerife;Bovinos;Mestiza;Reposición;48
Tenerife;Porcinos;Mestiza;Verracos;44
Tenerife;Bovinos;Canaria;Cebo;44
Tenerife;Dromedarios;Desconocido;Total;42
Tenerife;Caballos;Pura Raza Española (PRE);No reproductores con más de 36 meses;42
Tenerife;Porcinos;Yorkshire;Reposición;40
Tenerife;Gallinas;Desconocido;Granjas de multiplicación para huevos;40
Tenerife;Caballos;Pura Sangre Inglés (PSI);No reproductores con más de 36 meses;39
Tenerife;Caballos;Otro;Hembras de vientre con más de 36 meses;39
Tenerife;Asnos;Majorera;Hembras de vientre con más de 36 meses;38
Tenerife;Conejos;Híbrido Selecto;Padres;37
Tenerife;Caprinos;Palmera;Reproductoras hembra;37
Tenerife;Caballos;Caballo de Deporte Español;Hembras de vientre con más de 36 meses;36
Tenerife;Porcinos;Negra Canaria;Verracos;35
Tenerife;Abejas;Buckfast;Trashumante;35
Tenerife;Conejos;Desconocido;Madres;33
Tenerife;Caprinos;Agrupación Canaria;Reproductores macho;33
Tenerife;Bovinos;Holstein Frisona;Reproductoras hembra;33
Tenerife;Caprinos;Mestiza;No reproductores menores de 4 meses;32
Tenerife;Palomas;Desconocido;Desconocido;31
Tenerife;Patos;Desconocido;Granjas de multiplicación para huevos;30
Tenerife;Conejos;Neozelandés;Madres;30
Tenerife;Caprinos;Otro;Reproductores macho;30
Tenerife;Caprinos;Otro;No reproductores de 4 a 12 meses;30
Tenerife;Caprinos;Mestiza;No reproductores de 4 a 12 meses;27
Tenerife;Caballos;Pura Raza Árabe (PRA);Sementales con más de 36 meses;24
Tenerife;Bovinos;Fleickvieh;Reposición;24
Tenerife;Pavos;Desconocido;Granjas de producción para carne;23
Tenerife;Caballos;Pura Sangre Inglés (PSI);Hembras de vientre con más de 36 meses;23
Tenerife;Caballos;Pony Shetland;No reproductores con más de 36 meses;23
Tenerife;Asnos;Majorera;Sementales con más de 36 meses;23
Tenerife;Caballos;Pura Raza Árabe (PRA);No reproductores con más de 36 meses;22
Tenerife;Caballos;Anglo-Árabe;Hembras de vientre con más de 36 meses;22
Tenerife;Asnos;Mestiza;No reproductores con más de 36 meses;22
Tenerife;Abejas;Italiana;Trashumante;22
Tenerife;Caballos;Póney Cruzado;No reproductores con más de 36 meses;21
Tenerife;Caballos;Pony Shetland;Hembras de vientre con más de 36 meses;21
Tenerife;Caballos;Mestiza;Sementales con más de 36 meses;21
Tenerife;Caballos;Anglo-Árabe;No reproductores con más de 36 meses;21
Tenerife;Bovinos;Asturiana de los Valles;Reproductoras hembra;21
Tenerife;Porcinos;Desconocido;Lechones;20
Tenerife;Patos;Desconocido;Granjas de producción para carne;20
Tenerife;Ovinos;Palmera;Reproductoras hembra;20
Tenerife;Gallinas;Desconocido;Granjas de multiplicación para carne;20
Tenerife;Caballos;Póney Cruzado;Hembras de vientre con más de 36 meses;20
Tenerife;Bovinos;Fleickvieh;Cebo;20
Tenerife;Ovinos;Mestiza;Reproductoras hembra;19
Tenerife;Bovinos;Mestiza;Reproductores macho;19
Tenerife;Asnos;Mestiza;Hembras de vientre con más de 36 meses;19
Tenerife;Caballos;Mestiza;Animales mayores de 12 meses y menores de 36 meses;18
Tenerife;Bovinos;Blanc Blue Belge (BBB);Reproductoras hembra;18
Tenerife;Mulas;Mestiza;Hembras de vientre con más de 36 meses;17
Tenerife;Conejos;Híbrido Selecto;Abuelos;17
Tenerife;Bovinos;Fleickvieh;Reproductores macho;17
Tenerife;Porcinos;Desconocido;Cerdas;16
Tenerife;Ovinos;Mestiza;No reproductores de 4 a 12 meses;16
Tenerife;Bovinos;Asturiana de los Valles;Cebo;16
Tenerife;Porcinos;Blanco Belga;Cebo;15
Tenerife;Codornices;Desconocido;Granjas de cría para huevos (aves de explotación);15
Tenerife;Caballos;Otro;Sementales con más de 36 meses;14
Tenerife;Asnos;Mestiza;Sementales con más de 36 meses;13
Tenerife;Asnos;Majorera;No reproductores con más de 36 meses;12
Tenerife;Porcinos;Pietrain;Verracos;11
Tenerife;Conejos;Híbrido Selecto;Reproductores macho;11
Tenerife;Perdices;Desconocido;Granjas de cría para carne;10
Tenerife;Caballos;Pony Shetland;Sementales con más de 36 meses;10
Tenerife;Caballos;Koninklijk Warmbloed Paardenstamboek Nederland (KWPN);No reproductores con más de 36 meses;10
Tenerife;Caballos;Hispano-Árabe;No reproductores con más de 36 meses;10
Tenerife;Caballos;Hannoveriano;No reproductores con más de 36 meses;10
Tenerife;Conejos;Californiana;Madres;9
Tenerife;Caballos;Mestiza;Animales mayores de 6 meses y menores de 12 meses;9
Tenerife;Bovinos;Simmentahl;Reproductoras hembra;9
Tenerife;Pintadas;Desconocido;Granjas de producción para carne;8
Tenerife;Patos;Desconocido;Granjas de producción para huevos;8
Tenerife;Caballos;Anglo-Árabe;Animales mayores de 12 meses y menores de 36 meses;8
Tenerife;Abejas;Desconocido;Trashumante;8
Tenerife;Palomas;Desconocido;Granjas de producción para carne;7
Tenerife;Ovinos;Carranzana;Reproductoras hembra;7
Tenerife;Ocas;Desconocido;Granjas de producción para carne;7
Tenerife;Mulas;Mestiza;Animales mayores de 12 meses y menores de 36 meses;7
Tenerife;Caprinos;Mestiza;Reproductores macho;7
Tenerife;Caballos;Otro;Animales mayores de 12 meses y menores de 36 meses;7
Tenerife;Bovinos;Limousin;Reproductores macho;7
Tenerife;Abejas;Buckfast;Estante;7
Tenerife;Porcinos;Desconocido;Verracos;6
Tenerife;Caprinos;Palmera;Reproductores macho;6
Tenerife;Caprinos;Otro;No reproductores menores de 4 meses;6
Tenerife;Bovinos;Blonde D'Aquitaine;Reproductores macho;6
Tenerife;Asnos;Majorera;Animales mayores de 12 meses y menores de 36 meses;6
Tenerife;Asnos;Andaluz;Hembras de vientre con más de 36 meses;6
Tenerife;Ovinos;Desconocido;Reproductoras hembra;5
Tenerife;Ovinos;Canaria;Cebo;5
Tenerife;Gallinas;Desconocido;Granjas de cría para carne;5
Tenerife;Conejos;Neozelandés;Padres;5
Tenerife;Caballos;Póney Cruzado;Sementales con más de 36 meses;5
Tenerife;Caballos;Pura Sangre Inglés (PSI);Sementales con más de 36 meses;5
Tenerife;Caballos;Pura Raza Árabe (PRA);Animales mayores de 12 meses y menores de 36 meses;5
Tenerife;Caballos;Pura Raza Española (PRE);Animales mayores de 12 meses y menores de 36 meses;5
Tenerife;Caballos;Hispano-Árabe;Hembras de vientre con más de 36 meses;5
Tenerife;Caballos;Hannoveriano;Hembras de vientre con más de 36 meses;5
Tenerife;Caballos;Belgian Warmblood;Hembras de vientre con más de 36 meses;5
Tenerife;Caballos;Anglo-Árabe;Sementales con más de 36 meses;5
Tenerife;Bovinos;Limousin;Reproductoras hembra;5
Tenerife;Porcinos;Yorkshire;Verracos;4
Tenerife;Porcinos;Blanco Belga;Cerdas;4
Tenerife;Patos;Desconocido;Granjas de cría para huevos (aves de explotación);4
Tenerife;Ovinos;Palmera;Reproductores macho;4
Tenerife;Ovinos;Mestiza;Reproductores macho;4
Tenerife;Conejos;Desconocido;Padres;4
Tenerife;Conejos;Común Pardo Español;Reproductoras hembra;4
Tenerife;Conejos;Californiana;Cebo;4
Tenerife;Caballos;Caballo de Deporte Español;Sementales con más de 36 meses;4
Tenerife;Caballos;Belgian Warmblood;No reproductores con más de 36 meses;4
Tenerife;Bovinos;Normanda;Reproductoras hembra;4
Tenerife;Conejos;Desconocido;Reposición;3
Tenerife;Caprinos;Tinerfeña;Cebo;3
Tenerife;Caprinos;Desconocido;No reproductores de 4 a 12 meses;3
Tenerife;Caballos;Póney Cruzado;Animales mayores de 12 meses y menores de 36 meses;3
Tenerife;Caballos;Pura Raza Árabe (PRA);Animales mayores de 6 meses y menores de 12 meses;3
Tenerife;Bovinos;Palmera;Reproductoras hembra;3
Tenerife;Bovinos;Limousin;Cebo;3
Tenerife;Asnos;Zamorano-Leonés;No reproductores con más de 36 meses;3
Tenerife;Asnos;Mallorquina;Hembras de vientre con más de 36 meses;3
Tenerife;Asnos;Andaluz;Sementales con más de 36 meses;3
Tenerife;Faisanes;Desconocido;Granjas de producción para carne;2
Tenerife;Conejos;Común Pardo Español;Reproductores macho;2
Tenerife;Conejos;Común Pardo Español;Cebo;2
Tenerife;Conejos;Californiana;Padres;2
Tenerife;Caprinos;Palmera;No reproductores de 4 a 12 meses;2
Tenerife;Caprinos;Desconocido;Reproductoras hembra;2
Tenerife;Caballos;Pura Raza Española (PRE);Animales con menos de 6 meses;2
Tenerife;Caballos;Oldenburger;No reproductores con más de 36 meses;2
Tenerife;Caballos;Hispano-Árabe;Sementales con más de 36 meses;2
Tenerife;Bovinos;Palmera;Reproductores macho;2
Tenerife;Bovinos;Montbeliarde;Reproductoras hembra;2
Tenerife;Bovinos;Montbeliarde;Cebo;2
Tenerife;Bovinos;Dexter;Reproductoras hembra;2
Tenerife;Bovinos;Charolaise;Reproductoras hembra;2
Tenerife;Bovinos;Asturiana de los Valles;Reproductores macho;2
Tenerife;Asnos;Mestiza;Animales mayores de 12 meses y menores de 36 meses;2
Tenerife;Asnos;Majorera;Animales mayores de 6 meses y menores de 12 meses;2
Tenerife;Asnos;Majorera;Animales con menos de 6 meses;2
Tenerife;Asnos;Catalan;Hembras de vientre con más de 36 meses;2
Tenerife;Asnos;Andaluz;No reproductores con más de 36 meses;2
Tenerife;Asnos;Andaluz;Animales mayores de 12 meses y menores de 36 meses;2
Tenerife;Pavos;Desconocido;Granjas de cría para huevos (aves de explotación);1
Tenerife;Ovinos;Desconocido;Reproductores macho;1
Tenerife;Ovinos;Carranzana;Reproductores macho;1
Tenerife;Mulas;Mestiza;Animales con menos de 6 meses;1
Tenerife;Emúes;Desconocido;Granjas de producción para carne;1
Tenerife;Conejos;Desconocido;Reproductores macho;1
Tenerife;Conejos;Común Pardo Español;Padres;1
Tenerife;Conejos;Común Pardo Español;Madres;1
Tenerife;Conejos;Angora;Reposición;1
Tenerife;Caprinos;Desconocido;Reproductores macho;1
Tenerife;Caballos;Welsh;Hembras de vientre con más de 36 meses;1
Tenerife;Caballos;Shagya;No reproductores con más de 36 meses;1
Tenerife;Caballos;Quarter Horse;No reproductores con más de 36 meses;1
Tenerife;Caballos;Póney Cruzado;Animales mayores de 6 meses y menores de 12 meses;1
Tenerife;Caballos;Póney Cruzado;Animales con menos de 6 meses;1
Tenerife;Caballos;Puro Sangre Lusitano;Hembras de vientre con más de 36 meses;1
Tenerife;Caballos;Pura Sangre Inglés (PSI);Animales mayores de 12 meses y menores de 36 meses;1
Tenerife;Caballos;Pura Raza Española (PRE);Animales mayores de 6 meses y menores de 12 meses;1
Tenerife;Caballos;Otro;Animales mayores de 6 meses y menores de 12 meses;1
Tenerife;Caballos;Hannoveriano;Sementales con más de 36 meses;1
Tenerife;Caballos;Danés;No reproductores con más de 36 meses;1
Tenerife;Caballos;Danés;Hembras de vientre con más de 36 meses;1
Tenerife;Caballos;Caballo de Deporte Portugués;Sementales con más de 36 meses;1
Tenerife;Caballos;Caballo de Deporte Español;Animales mayores de 6 meses y menores de 12 meses;1
Tenerife;Caballos;British Sport Horse;Hembras de vientre con más de 36 meses;1
Tenerife;Caballos;Baden-Württemberg;Hembras de vientre con más de 36 meses;1
Tenerife;Caballos;Appalossa;No reproductores con más de 36 meses;1
Tenerife;Bovinos;Salers;Cebo;1
Tenerife;Bovinos;Rubia Gallega;Reproductores macho;1
Tenerife;Bovinos;Otro;Cebo;1
Tenerife;Bovinos;Charolaise;Reproductores macho;1
Tenerife;Bovinos;Charolaise;Cebo;1
Tenerife;Bovinos;Angus;Reproductores macho;1
Tenerife;Asnos;Zamorano-Leonés;Hembras de vientre con más de 36 meses;1
Tenerife;Asnos;Mestiza;Animales con menos de 6 meses;1
Tenerife;Asnos;Catalan;Sementales con más de 36 meses;1
Tenerife;Asnos;Asno de las Encartaciones;No reproductores con más de 36 meses;1
Lanzarote;Dorada (Sparus aurata);No aplicable;Nº de alevines;3345715
Lanzarote;Lubina o robalo (Dicentrarchus labrax);No aplicable;Nº de alevines;2157142
Lanzarote;Gallinas;Desconocido;Granjas de producción para huevos. En jaula;38075
Lanzarote;Gallinas;Desconocido;Granjas de producción para huevos. En suelo;34428
Lanzarote;Caprinos;Majorera;Reproductoras hembra;15002
Lanzarote;Gallinas;Desconocido;Granjas de cría para huevos (aves de explotación);5025
Lanzarote;Caprinos;Majorera;No reproductores menores de 4 meses;3255
Lanzarote;Caprinos;Majorera;No reproductores de 4 a 12 meses;1970
Lanzarote;Ovinos;Canaria de Pelo;Reproductoras hembra;1166
Lanzarote;Gallinas;Desconocido;Desconocido;1100
Lanzarote;Gallinas;Desconocido;Granjas de producción para huevos. Ecológica;950
Lanzarote;Ovinos;Canaria;Reproductoras hembra;898
Lanzarote;Porcinos;Mestiza;Lechones;625
Lanzarote;Porcinos;Mestiza;Cebo;507
Lanzarote;Ovinos;Canaria de Pelo;No reproductores menores de 4 meses;485
Lanzarote;Caprinos;Majorera;Reproductores macho;477
Lanzarote;Dorada (Sparus aurata);No aplicable;Kgs de huevos;400
Lanzarote;Dromedarios;Desconocido;Total;264
Lanzarote;Ovinos;Canaria;No reproductores menores de 4 meses;248
Lanzarote;Abejas;Negra Canaria;Trashumante;201
Lanzarote;Dorada (Sparus aurata);No aplicable;Kgs de adultos de engorde;200
Lanzarote;Gallinas;Desconocido;Granjas de selección para carne;150
Lanzarote;Porcinos;Mestiza;Cerdas;138
Lanzarote;Ovinos;Canaria de Pelo;No reproductores de 4 a 12 meses;138
Lanzarote;Porcinos;Negra Canaria;Lechones;134
Lanzarote;Gallinas;Desconocido;Granjas de cría para carne;130
Lanzarote;Gallinas;Desconocido;Granjas de producción para huevos. Campera;104
Lanzarote;Ovinos;Canaria;No reproductores de 4 a 12 meses;102
Lanzarote;Dorada (Sparus aurata);No aplicable;Kgs de reproductores;100
Lanzarote;Conejos;Californiana;Reposición;93
Lanzarote;Porcinos;Negra Canaria;Cebo;88
Lanzarote;Abejas;Negra Canaria;Estante;71
Lanzarote;Palomas;Desconocido;Granjas de cría para carne;70
Lanzarote;Ovinos;Canaria;Reproductores macho;65
Lanzarote;Ovinos;Canaria de Pelo;Reproductores macho;64
Lanzarote;Porcinos;Negra Canaria;Cerdas;61
Lanzarote;Porcinos;Ibérico;Cerdas;60
Lanzarote;Palomas;Desconocido;Granjas de producción para carne;60
Lanzarote;Conejos;Californiana;Cebo;55
Lanzarote;Bovinos;Mestiza;Reproductores macho;54
Lanzarote;Caprinos;Agrupación Canaria;No reproductores de 4 a 12 meses;53
Lanzarote;Lubina o robalo (Dicentrarchus labrax);No aplicable;Kgs de reproductores;50
Lanzarote;Lubina o robalo (Dicentrarchus labrax);No aplicable;Kgs de adultos de engorde;50
Lanzarote;Porcinos;Ibérico;Lechones;48
Lanzarote;Patos;Desconocido;Granjas de producción para huevos;47
Lanzarote;Conejos;Californiana;Madres;45
Lanzarote;Caballos;Mestiza;No reproductores con más de 36 meses;45
Lanzarote;Asnos;Majorera;Hembras de vientre con más de 36 meses;44
Lanzarote;Bovinos;Mestiza;Reproductoras hembra;41
Lanzarote;Caballos;Mestiza;Hembras de vientre con más de 36 meses;40
Lanzarote;Bovinos;Jersey;Reproductoras hembra;39
Lanzarote;Gallinas;Desconocido;Granjas de multiplicación para huevos;30
Lanzarote;Caprinos;Agrupación Canaria;No reproductores menores de 4 meses;30
Lanzarote;Porcinos;Mestiza;Reposición;27
Lanzarote;Ovinos;Desconocido;Reproductoras hembra;27
Lanzarote;Asnos;Mestiza;Hembras de vientre con más de 36 meses;27
Lanzarote;Porcinos;Mestiza;Recría/Transición;25
Lanzarote;Porcinos;Negra Canaria;Verracos;24
Lanzarote;Porcinos;Ibérico;Reposición;24
Lanzarote;Faisanes;Desconocido;Granjas de producción para carne;23
Lanzarote;Conejos;Neozelandés;Reposición;23
Lanzarote;Porcinos;Negra Canaria;Reposición;22
Lanzarote;Conejos;Común Pardo Español;Otro;20
Lanzarote;Bovinos;Jersey;Cebo;19
Lanzarote;Conejos;Californiana;Padres;18
Lanzarote;Patos;Desconocido;Granjas de producción para carne;17
Lanzarote;Conejos;Común Pardo Español;Madres;16
Lanzarote;Ocas;Desconocido;Granjas de producción para huevos;15
Lanzarote;Gallinas;Desconocido;Granjas de producción para carne;15
Lanzarote;Bovinos;Frisona Europea;Reproductoras hembra;15
Lanzarote;Conejos;Común Gris Español;Reposición;14
Lanzarote;Bovinos;Jersey;Reposición;14
Lanzarote;Asnos;Majorera;Sementales con más de 36 meses;14
Lanzarote;Conejos;Neozelandés;Reproductoras hembra;12
Lanzarote;Conejos;Desconocido;Cebo;12
Lanzarote;Caprinos;Agrupación Canaria;Reproductoras hembra;12
Lanzarote;Conejos;Híbrido Selecto;Reposición;11
Lanzarote;Caballos;Pura Raza Española (PRE);No reproductores con más de 36 meses;11
Lanzarote;Asnos;Majorera;Animales mayores de 12 meses y menores de 36 meses;11
Lanzarote;Pavos;Desconocido;Granjas de producción para carne;10
Lanzarote;Pavos;Desconocido;Granjas de multiplicación para huevos;10
Lanzarote;Ovinos;Desconocido;No reproductores menores de 4 meses;10
Lanzarote;Codornices;Desconocido;Granjas de producción para carne;10
Lanzarote;Porcinos;Mestiza;Verracos;9
Lanzarote;Caballos;Pura Raza Española (PRE);Sementales con más de 36 meses;9
Lanzarote;Bovinos;Frisona Europea;Reproductores macho;9
Lanzarote;Asnos;Mestiza;Sementales con más de 36 meses;8
Lanzarote;Asnos;Andaluz;Hembras de vientre con más de 36 meses;8
Lanzarote;Conejos;Desconocido;Madres;7
Lanzarote;Caballos;Otro;Hembras de vientre con más de 36 meses;7
Lanzarote;Caprinos;Otro;Reproductoras hembra;6
Lanzarote;Caballos;Pura Raza Española (PRE);Hembras de vientre con más de 36 meses;6
Lanzarote;Bovinos;Mestiza;Cebo;6
Lanzarote;Porcinos;Negra Canaria;Recría/Transición;5
Lanzarote;Porcinos;Ibérico;Verracos;5
Lanzarote;Ovinos;Canaria de Pelo;Cebo;5
Lanzarote;Conejos;Común Gris Español;Madres;5
Lanzarote;Caballos;Pura Sangre Inglés (PSI);No reproductores con más de 36 meses;5
Lanzarote;Caballos;Pura Sangre Inglés (PSI);Hembras de vientre con más de 36 meses;5
Lanzarote;Caballos;Anglo-Árabe;Hembras de vientre con más de 36 meses;5
Lanzarote;Asnos;Mestiza;No reproductores con más de 36 meses;5
Lanzarote;Pavos;Desconocido;Granjas de multiplicación para carne;4
Lanzarote;Pavos;Desconocido;Granjas de cría para huevos (aves de explotación);4
Lanzarote;Conejos;Neozelandés;Reproductores macho;4
Lanzarote;Conejos;Común Pardo Español;Padres;4
Lanzarote;Codornices;Desconocido;Granjas de cría para carne;4
Lanzarote;Caprinos;Majorera;Cebo;4
Lanzarote;Caballos;Pony Shetland;Sementales con más de 36 meses;4
Lanzarote;Bovinos;Jersey;Reproductores macho;4
Lanzarote;Asnos;Majorera;No reproductores con más de 36 meses;4
Lanzarote;Pavos;Desconocido;Granjas de producción para huevos;3
Lanzarote;Conejos;Desconocido;Padres;3
Lanzarote;Caprinos;Otro;Reproductores macho;3
Lanzarote;Caballos;Pony Shetland;No reproductores con más de 36 meses;3
Lanzarote;Caballos;Pony Shetland;Hembras de vientre con más de 36 meses;3
Lanzarote;Caballos;Otro;Sementales con más de 36 meses;3
Lanzarote;Asnos;Mestiza;Animales mayores de 12 meses y menores de 36 meses;3
Lanzarote;Asnos;Mestiza;Animales con menos de 6 meses;3
Lanzarote;Asnos;Andaluz;Sementales con más de 36 meses;3
Lanzarote;Porcinos;Mestizo LW-BB;Cerdas;2
Lanzarote;Perdices;Desconocido;Granjas de producción para carne;2
Lanzarote;Patos;Desconocido;Granjas de cría para huevos (aves de explotación);2
Lanzarote;Ovinos;Desconocido;Reproductores macho;2
Lanzarote;Conejos;Desconocido;Reposición;2
Lanzarote;Conejos;Californiana;Reproductoras hembra;2
Lanzarote;Caprinos;Otro;No reproductores de 4 a 12 meses;2
Lanzarote;Caprinos;Agrupación Canaria;Reproductores macho;2
Lanzarote;Caballos;Póney Cruzado;Sementales con más de 36 meses;2
Lanzarote;Caballos;Póney Cruzado;Hembras de vientre con más de 36 meses;2
Lanzarote;Caballos;Pura Sangre Inglés (PSI);Sementales con más de 36 meses;2
Lanzarote;Caballos;Otro;No reproductores con más de 36 meses;2
Lanzarote;Caballos;Mestiza;Sementales con más de 36 meses;2
Lanzarote;Caballos;Anglo-Árabe;No reproductores con más de 36 meses;2
Lanzarote;Asnos;Majorera;Animales mayores de 6 meses y menores de 12 meses;2
Lanzarote;Asnos;Majorera;Animales con menos de 6 meses;2
Lanzarote;Porcinos;Mestizo LW-BB;Lechones;1
Lanzarote;Ovinos;Mestiza;Reproductoras hembra;1
Lanzarote;Mulas;Mestiza;No reproductores con más de 36 meses;1
Lanzarote;Conejos;Silvestre;Padres;1
Lanzarote;Conejos;Silvestre;Madres;1
Lanzarote;Conejos;Común Gris Español;Padres;1
Lanzarote;Caprinos;Mestiza;Reproductoras hembra;1
Lanzarote;Caprinos;Desconocido;Reproductores macho;1
Lanzarote;Caprinos;Desconocido;Reproductoras hembra;1
Lanzarote;Camellos;Desconocido;Total;1
Lanzarote;Caballos;Shire;Hembras de vientre con más de 36 meses;1
Lanzarote;Caballos;Quarter Horse;No reproductores con más de 36 meses;1
Lanzarote;Caballos;Póney Cruzado;No reproductores con más de 36 meses;1
Lanzarote;Caballos;Pura Raza Árabe (PRA);Hembras de vientre con más de 36 meses;1
Lanzarote;Caballos;Pura Raza Española (PRE);Animales con menos de 6 meses;1
Lanzarote;Caballos;Hispano-Árabe;Hembras de vientre con más de 36 meses;1
Lanzarote;Caballos;Hispano-Árabe;Animales con menos de 6 meses;1
Lanzarote;Bovinos;Mestiza;Reposición;1
Lanzarote;Bovinos;Limousin;Reproductores macho;1
Lanzarote;Bovinos;Canaria;Reproductores macho;1
Lanzarote;Bovinos;Canaria;Reproductoras hembra;1
Lanzarote;Asnos;Andaluz;No reproductores con más de 36 meses;1
Lanzarote;Asnos;Andaluz;Animales mayores de 6 meses y menores de 12 meses;1
La Palma;Lubina o robalo (Dicentrarchus labrax);No aplicable;Nº de adultos de engorde;1800000
La Palma;Dorada (Sparus aurata);No aplicable;Nº de adultos de engorde;1800000
La Palma;Gallinas;Desconocido;Granjas de producción para huevos. En jaula;36992
La Palma;Caprinos;Palmera;Reproductoras hembra;8645
La Palma;Conejos;Común Gris Español;Cebo;2515
La Palma;Abejas;Negra Canaria;Estante;2351
La Palma;Caprinos;Majorera;Reproductoras hembra;2026
La Palma;Caprinos;Palmera;No reproductores menores de 4 meses;1373
La Palma;Conejos;Híbrido Selecto;Cebo;1300
La Palma;Porcinos;Mestiza;Cebo;1147
La Palma;Caprinos;Mestiza;Reproductoras hembra;990
La Palma;Abejas;Negra Canaria;Trashumante;937
La Palma;Porcinos;Mestiza;Recría/Transición;756
La Palma;Porcinos;Mestiza;Lechones;716
La Palma;Conejos;Híbrido Selecto;Reposición;555
La Palma;Caprinos;Palmera;No reproductores de 4 a 12 meses;513
La Palma;Caprinos;Palmera;Reproductores macho;404
La Palma;Caprinos;Majorera;No reproductores de 4 a 12 meses;404
La Palma;Porcinos;Mestiza;Cerdas;388
La Palma;Gallinas;Desconocido;Granjas de producción para huevos. Ecológica;384
La Palma;Ovinos;Canaria;Reproductoras hembra;377
La Palma;Bovinos;Mestiza;Cebo;369
La Palma;Conejos;Común Gris Español;Madres;303
La Palma;Bovinos;Palmera;Reproductoras hembra;266
La Palma;Ovinos;Canaria de Pelo;Reproductoras hembra;264
La Palma;Gallinas;Desconocido;Granjas de producción para carne;220
La Palma;Bovinos;Charolaise;Cebo;219
La Palma;Gallinas;Desconocido;Granjas de multiplicación para carne;200
La Palma;Conejos;Híbrido Selecto;Reproductoras hembra;195
La Palma;Bovinos;Mestiza;Reproductoras hembra;180
La Palma;Ovinos;Palmera;Reproductoras hembra;177
La Palma;Caprinos;Majorera;No reproductores menores de 4 meses;160
La Palma;Conejos;Híbrido Selecto;Madres;155
La Palma;Caprinos;Tinerfeña;Reproductoras hembra;117
La Palma;Conejos;Común Gris Español;Reposición;103
La Palma;Porcinos;Mestiza;Reposición;93
La Palma;Caprinos;Majorera;Reproductores macho;91
La Palma;Bovinos;Palmera;Cebo;89
La Palma;Caprinos;Mestiza;No reproductores menores de 4 meses;88
La Palma;Conejos;Común Pardo Español;Madres;83
La Palma;Bovinos;Mestiza;Reposición;79
La Palma;Bovinos;Palmera;Reposición;75
La Palma;Caprinos;Mestiza;No reproductores de 4 a 12 meses;74
La Palma;Porcinos;Negra Canaria;Cebo;58
La Palma;Bovinos;Palmera;Reproductores macho;56
La Palma;Bovinos;Angus;Cebo;55
La Palma;Ovinos;Mestiza;Reproductoras hembra;43
La Palma;Conejos;Híbrido Selecto;Reproductores macho;40
La Palma;Conejos;Común Gris Español;Abuelas;35
La Palma;Bovinos;Frisona Europea;Cebo;34
La Palma;Ovinos;Canaria;No reproductores menores de 4 meses;33
La Palma;Bovinos;Mestiza;Reproductores macho;32
La Palma;Conejos;Común Gris Español;Padres;31
La Palma;Bovinos;Fleickvieh;Reproductoras hembra;31
La Palma;Conejos;Desconocido;Cebo;30
La Palma;Conejos;Común Pardo Español;Cebo;30
La Palma;Porcinos;Negra Canaria;Lechones;25
La Palma;Ovinos;Canaria;No reproductores de 4 a 12 meses;25
La Palma;Gallinas;Desconocido;Desconocido;25
La Palma;Porcinos;Mestiza;Verracos;24
La Palma;Ovinos;Canaria;Reproductores macho;22
La Palma;Porcinos;Negra Canaria;Cerdas;21
La Palma;Conejos;Híbrido Selecto;Abuelas;21
La Palma;Ovinos;Palmera;No reproductores menores de 4 meses;20
La Palma;Caballos;Mestiza;No reproductores con más de 36 meses;19
La Palma;Conejos;Híbrido Selecto;Padres;17
La Palma;Caprinos;Mestiza;Reproductores macho;17
La Palma;Caballos;Otro;Hembras de vientre con más de 36 meses;17
La Palma;Ovinos;Canaria de Pelo;Cebo;16
La Palma;Caballos;Otro;No reproductores con más de 36 meses;16
La Palma;Caballos;Mestiza;Hembras de vientre con más de 36 meses;14
La Palma;Ovinos;Palmera;Reproductores macho;12
La Palma;Ovinos;Canaria de Pelo;Reproductores macho;12
La Palma;Ovinos;Canaria de Pelo;No reproductores menores de 4 meses;11
La Palma;Ovinos;Canaria de Pelo;No reproductores de 4 a 12 meses;10
La Palma;Bovinos;Simmentahl;Reproductoras hembra;10
La Palma;Bovinos;Blanc Blue Belge (BBB);Cebo;10
La Palma;Porcinos;Large White;Cebo;9
La Palma;Bovinos;Blonde D'Aquitaine;Reproductoras hembra;9
La Palma;Conejos;Híbrido Selecto;Abuelos;8
La Palma;Conejos;Común Gris Español;Abuelos;8
La Palma;Caprinos;Agrupación Canaria;Reproductoras hembra;8
La Palma;Caballos;Pura Sangre Inglés (PSI);Sementales con más de 36 meses;8
La Palma;Mulas;Mestiza;No reproductores con más de 36 meses;7
La Palma;Conejos;Común Pardo Español;Padres;7
La Palma;Caballos;Pura Sangre Inglés (PSI);No reproductores con más de 36 meses;7
La Palma;Bovinos;Frisona Europea;Reproductoras hembra;7
La Palma;Bovinos;Fleickvieh;Reproductores macho;7
La Palma;Bovinos;Charolaise;Reproductoras hembra;7
La Palma;Porcinos;Negra Canaria;Verracos;6
La Palma;Caballos;Pura Sangre Inglés (PSI);Hembras de vientre con más de 36 meses;6
La Palma;Bovinos;Fleickvieh;Reposición;6
La Palma;Porcinos;Negra Canaria;Reposición;5
La Palma;Bovinos;Limousin;Reproductoras hembra;5
La Palma;Ovinos;Palmera;No reproductores de 4 a 12 meses;4
La Palma;Ovinos;Mestiza;Reproductores macho;4
La Palma;Conejos;Desconocido;Reproductoras hembra;4
La Palma;Caballos;Pura Raza Española (PRE);No reproductores con más de 36 meses;4
La Palma;Caballos;Otro;Sementales con más de 36 meses;4
La Palma;Caballos;Anglo-Árabe;Hembras de vientre con más de 36 meses;4
La Palma;Bovinos;Asturiana de los Valles;Reproductoras hembra;4
La Palma;Ovinos;Palmera;Cebo;3
La Palma;Ovinos;Canaria;Cebo;3
La Palma;Conejos;Desconocido;Madres;3
La Palma;Caprinos;Tinerfeña;Reproductores macho;3
La Palma;Caballos;Pura Raza Española (PRE);Hembras de vientre con más de 36 meses;3
La Palma;Bovinos;Fleickvieh;Cebo;3
La Palma;Bovinos;Blonde D'Aquitaine;Cebo;3
La Palma;Asnos;Majorera;Hembras de vientre con más de 36 meses;3
La Palma;Dromedarios;Desconocido;Total;2
La Palma;Conejos;Desconocido;Reproductores macho;2
La Palma;Caprinos;Agrupación Canaria;Cebo;2
La Palma;Caballos;Quarter Horse;Hembras de vientre con más de 36 meses;2
La Palma;Caballos;Póney Cruzado;No reproductores con más de 36 meses;2
La Palma;Caballos;Pura Raza Árabe (PRA);Hembras de vientre con más de 36 meses;2
La Palma;Caballos;Pura Raza Española (PRE);Sementales con más de 36 meses;2
La Palma;Caballos;Hispano-Árabe;No reproductores con más de 36 meses;2
La Palma;Caballos;Anglo-Árabe;No reproductores con más de 36 meses;2
La Palma;Asnos;Majorera;Sementales con más de 36 meses;2
La Palma;Asnos;Majorera;Animales mayores de 12 meses y menores de 36 meses;2
La Palma;Porcinos;Desconocido;Cebo;1
La Palma;Mulas;Mestiza;Sementales con más de 36 meses;1
La Palma;Conejos;Desconocido;Padres;1
La Palma;Caprinos;Otro;Reproductores macho;1
La Palma;Caballos;Póney Cruzado;Hembras de vientre con más de 36 meses;1
La Palma;Caballos;Pura Raza Árabe (PRA);No reproductores con más de 36 meses;1
La Palma;Caballos;Pura Raza Árabe (PRA);Animales mayores de 12 meses y menores de 36 meses;1
La Palma;Caballos;Mestiza;Sementales con más de 36 meses;1
La Palma;Caballos;Mestiza;Animales mayores de 6 meses y menores de 12 meses;1
La Palma;Caballos;Mestiza;Animales mayores de 12 meses y menores de 36 meses;1
La Palma;Caballos;Hispano-Árabe;Sementales con más de 36 meses;1
La Palma;Caballos;Hispano-Árabe;Hembras de vientre con más de 36 meses;1
La Palma;Caballos;Haflinger/Avelignese;No reproductores con más de 36 meses;1
La Palma;Caballos;British Sport Horse;No reproductores con más de 36 meses;1
La Palma;Caballos;Anglo-Árabe;Sementales con más de 36 meses;1
La Palma;Bovinos;Simmentahl;Cebo;1
La Palma;Bovinos;Rubia Gallega;Reproductoras hembra;1
La Palma;Bovinos;Frisona Europea;Reposición;1
La Palma;Bovinos;Charolaise;Reproductores macho;1
La Palma;Bovinos;Asturiana de los Valles;Cebo;1
La Palma;Bovinos;Asturiana de la Montaña;Reproductoras hembra;1
La Palma;Avestruces;Desconocido;Granjas de cría para carne;1
La Palma;Asnos;Mestiza;Sementales con más de 36 meses;1
La Palma;Asnos;Mestiza;No reproductores con más de 36 meses;1
La Palma;Asnos;Mestiza;Hembras de vientre con más de 36 meses;1
La Palma;Asnos;Andaluz;No reproductores con más de 36 meses;1
La Palma;Asnos;Andaluz;Hembras de vientre con más de 36 meses;1
La Gomera;Conejos;Desconocido;Cebo;3000
La Gomera;Gallinas;Desconocido;Granjas de producción para huevos. En jaula;2919
La Gomera;Abejas;Negra Canaria;Estante;2215
La Gomera;Caprinos;Tinerfeña;Reproductoras hembra;1788
La Gomera;Caprinos;Majorera;Reproductoras hembra;1163
La Gomera;Conejos;Desconocido;Madres;900
La Gomera;Caprinos;Majorera;No reproductores menores de 4 meses;480
La Gomera;Ovinos;Canaria;Reproductoras hembra;300
La Gomera;Conejos;Desconocido;Reposición;300
La Gomera;Caprinos;Tinerfeña;No reproductores de 4 a 12 meses;257
La Gomera;Porcinos;Mestiza;Cebo;239
La Gomera;Gallinas;Desconocido;Granjas de cría para huevos (aves de explotación);200
La Gomera;Caprinos;Tinerfeña;No reproductores menores de 4 meses;188
La Gomera;Abejas;Negra Canaria;Trashumante;156
La Gomera;Caprinos;Tinerfeña;Reproductores macho;66
La Gomera;Ovinos;Canaria;No reproductores menores de 4 meses;65
La Gomera;Gallinas;Desconocido;Granjas de producción para huevos. En suelo;60
La Gomera;Caprinos;Majorera;Reproductores macho;52
La Gomera;Gallinas;Desconocido;Granjas de producción para huevos. Campera;35
La Gomera;Ovinos;Canaria de Pelo;Reproductoras hembra;30
La Gomera;Gallinas;Desconocido;Granjas de producción para carne;30
La Gomera;Ovinos;Canaria;Reproductores macho;27
La Gomera;Porcinos;Mestiza;Cerdas;24
La Gomera;Conejos;Desconocido;Padres;20
La Gomera;Porcinos;Mestiza;Lechones;17
La Gomera;Patos;Desconocido;Granjas de producción para huevos;17
La Gomera;Bovinos;Mestiza;Reproductoras hembra;14
La Gomera;Porcinos;Negra Canaria;Cebo;13
La Gomera;Bovinos;Mestiza;Reproductores macho;8
La Gomera;Bovinos;Frisona Europea;Reproductoras hembra;8
La Gomera;Ovinos;Canaria;No reproductores de 4 a 12 meses;7
La Gomera;Porcinos;Negra Canaria;Cerdas;5
La Gomera;Conejos;Híbrido Selecto;Reposición;5
La Gomera;Bovinos;Mestiza;Reposición;5
La Gomera;Asnos;Mestiza;Sementales con más de 36 meses;5
La Gomera;Asnos;Mestiza;Hembras de vientre con más de 36 meses;5
La Gomera;Caballos;Pura Raza Española (PRE);Hembras de vientre con más de 36 meses;4
La Gomera;Porcinos;Negra Canaria;Lechones;3
La Gomera;Caballos;Pura Raza Española (PRE);Sementales con más de 36 meses;3
La Gomera;Caballos;Pura Raza Española (PRE);No reproductores con más de 36 meses;3
La Gomera;Caballos;Otro;Hembras de vientre con más de 36 meses;3
La Gomera;Caballos;Caballo de Deporte Español;Hembras de vientre con más de 36 meses;3
La Gomera;Bovinos;Fleickvieh;Reproductoras hembra;3
La Gomera;Porcinos;Mestiza;Verracos;2
La Gomera;Ovinos;Canaria de Pelo;Reproductores macho;2
La Gomera;Ovinos;Canaria;Cebo;2
La Gomera;Caballos;Pura Raza Árabe (PRA);Hembras de vientre con más de 36 meses;2
La Gomera;Caballos;Pura Raza Española (PRE);Animales mayores de 12 meses y menores de 36 meses;2
La Gomera;Caballos;Otro;No reproductores con más de 36 meses;2
La Gomera;Bovinos;Frisona Europea;Reposición;2
La Gomera;Asnos;Mestiza;No reproductores con más de 36 meses;2
La Gomera;Porcinos;Negra Canaria;Verracos;1
La Gomera;Porcinos;Desconocido;Cebo;1
La Gomera;Ovinos;Desconocido;Reproductores macho;1
La Gomera;Ovinos;Canaria de Pelo;No reproductores de 4 a 12 meses;1
La Gomera;Otras ratites;Desconocido;Granjas de producción para carne;1
La Gomera;Conejos;Híbrido Selecto;Padres;1
La Gomera;Conejos;Híbrido Selecto;Madres;1
La Gomera;Caprinos;Majorera;No reproductores de 4 a 12 meses;1
La Gomera;Caballos;Pura Raza Española (PRE);Animales con menos de 6 meses;1
La Gomera;Caballos;Caballo de Deporte Español;No reproductores con más de 36 meses;1
La Gomera;Caballos;Caballo de Deporte Español;Animales mayores de 12 meses y menores de 36 meses;1
La Gomera;Caballos;Anglo-Árabe;No reproductores con más de 36 meses;1
Gran Canaria;Lubina o robalo (Dicentrarchus labrax);No aplicable;Nº de adultos de engorde;1510000
Gran Canaria;Dorada (Sparus aurata);No aplicable;Nº de adultos de engorde;1230000
Gran Canaria;Gallinas;Desconocido;Granjas de producción para huevos. En jaula;545774
Gran Canaria;Lubina o robalo (Dicentrarchus labrax);No aplicable;Nº de alevines;482081
Gran Canaria;Gallinas;Desconocido;Granjas de producción para carne;315400
Gran Canaria;Gallinas;Desconocido;Granjas de cría para huevos (aves de explotación);300679
Gran Canaria;Gallinas;Desconocido;Incubadoras;153600
Gran Canaria;Caprinos;Majorera;Reproductoras hembra;38108
Gran Canaria;Gallinas;Desconocido;Granjas de producción para huevos. Campera;29601
Gran Canaria;Ovinos;Canaria;Reproductoras hembra;12296
Gran Canaria;Caprinos;Majorera;No reproductores menores de 4 meses;6387
Gran Canaria;Abejas;Negra Canaria;Estante;5741
Gran Canaria;Caprinos;Majorera;No reproductores de 4 a 12 meses;5740
Gran Canaria;Abejas;Negra Canaria;Trashumante;5302
Gran Canaria;Gallinas;Desconocido;Granjas de producción para huevos. Ecológica;5040
Gran Canaria;Bovinos;Frisona Europea;Reproductoras hembra;3699
Gran Canaria;Bovinos;Mestiza;Cebo;3640
Gran Canaria;Lubina o robalo (Dicentrarchus labrax);No aplicable;t de adultos de engorde / año;3172
Gran Canaria;Ovinos;Canaria;No reproductores menores de 4 meses;1970
Gran Canaria;Porcinos;Mestiza;Cebo;1678
Gran Canaria;Gallinas;Desconocido;Granjas de producción para huevos. En suelo;1640
Gran Canaria;Bovinos;Holstein Frisona;Reproductoras hembra;1583
Gran Canaria;Porcinos;Mestiza;Lechones;1556
Gran Canaria;Palomas;Desconocido;Granjas de cría para carne;1534
Gran Canaria;Palomas;Desconocido;Desconocido;1500
Gran Canaria;Ovinos;Canaria;No reproductores de 4 a 12 meses;1416
Gran Canaria;Conejos;Neozelandés;Cebo;1250
Gran Canaria;Caprinos;Majorera;Reproductores macho;1198
Gran Canaria;Bovinos;Frisona Europea;Reposición;1079
Gran Canaria;Ovinos;Canaria de Pelo;Reproductoras hembra;1048
Gran Canaria;Dorada (Sparus aurata);No aplicable;Nº de reproductores;860
Gran Canaria;Perdices;Desconocido;Granjas de multiplicación para caza;840
Gran Canaria;Bovinos;Mestiza;Reproductoras hembra;824
Gran Canaria;Conejos;Neozelandés;Reproductoras hembra;800
Gran Canaria;Porcinos;Mestiza;Cerdas;715
Gran Canaria;Conejos;Híbrido Selecto;Cebo;645
Gran Canaria;Gallinas;Desconocido;Desconocido;640
Gran Canaria;Bovinos;Mestiza;Reposición;614
Gran Canaria;Palomas;Desconocido;Granjas de multiplicación para huevos;600
Gran Canaria;Porcinos;Negra Canaria;Lechones;598
Gran Canaria;Bovinos;Frisona Europea;Cebo;593
Gran Canaria;Ovinos;Canaria;Reproductores macho;454
Gran Canaria;Caprinos;Agrupación Canaria;Reproductoras hembra;444
Gran Canaria;Caballos;Mestiza;No reproductores con más de 36 meses;339
Gran Canaria;Gallinas;Desconocido;Granjas de selección para carne;325
Gran Canaria;Porcinos;Mestiza;Recría/Transición;322
Gran Canaria;Porcinos;Blanco Belga;Cebo;320
Gran Canaria;Caballos;Mestiza;Hembras de vientre con más de 36 meses;267
Gran Canaria;Porcinos;Blanco Belga;Lechones;250
Gran Canaria;Bovinos;Canaria;Reproductoras hembra;249
Gran Canaria;Porcinos;Negra Canaria;Cerdas;244
Gran Canaria;Dromedarios;Desconocido;Total;210
Gran Canaria;Porcinos;Negra Canaria;Cebo;205
Gran Canaria;Bovinos;Limousin;Cebo;202
Gran Canaria;Ovinos;Canaria de Pelo;No reproductores menores de 4 meses;201
Gran Canaria;Conejos;Neozelandés;Abuelas;198
Gran Canaria;Bovinos;Blanc Blue Belge (BBB);Cebo;186
Gran Canaria;Ovinos;Canaria;Cebo;180
Gran Canaria;Caprinos;Majorera;Cebo;175
Gran Canaria;Ovinos;Canaria de Pelo;No reproductores de 4 a 12 meses;163
Gran Canaria;Conejos;Híbrido Selecto;Madres;153
Gran Canaria;Abejas;Desconocido;Estante;153
Gran Canaria;Bovinos;Canaria;Reposición;128
Gran Canaria;Conejos;Desconocido;Cebo;125
Gran Canaria;Perdices;Desconocido;Granjas de cría para huevos (aves de explotación);120
Gran Canaria;Bovinos;Jersey;Reproductoras hembra;120
Gran Canaria;Porcinos;Mestiza;Reposición;117
Gran Canaria;Bovinos;Mestiza;Reproductores macho;114
Gran Canaria;Caprinos;Agrupación Canaria;No reproductores de 4 a 12 meses;112
Gran Canaria;Conejos;Silvestre;Reproductoras hembra;110
Gran Canaria;Patos;Desconocido;Granjas de producción para huevos;107
Gran Canaria;Caprinos;Palmera;Reproductoras hembra;107
Gran Canaria;Bovinos;Braunvieh;Reproductoras hembra;103
Gran Canaria;Bovinos;Holstein Frisona;Reposición;102
Gran Canaria;Conejos;Neozelandés;Reproductores macho;93
Gran Canaria;Palomas;Desconocido;Granjas de cría para huevos (aves de explotación);86
Gran Canaria;Gallinas;Desconocido;Granjas de cría para carne;85
Gran Canaria;Gallinas;Desconocido;Granjas de multiplicación para huevos;80
Gran Canaria;Codornices;Desconocido;Granjas de producción para huevos;80
Gran Canaria;Bovinos;Otro;Cebo;79
Gran Canaria;Ovinos;Canaria de Pelo;Reproductores macho;77
Gran Canaria;Bovinos;Montbeliarde;Reproductoras hembra;77
Gran Canaria;Asnos;Mestiza;Hembras de vientre con más de 36 meses;73
Gran Canaria;Conejos;Desconocido;Reproductoras hembra;70
Gran Canaria;Ovinos;Canaria de Pelo;Cebo;68
Gran Canaria;Caballos;Otro;No reproductores con más de 36 meses;66
Gran Canaria;Palomas;Desconocido;Granjas de producción para carne;65
Gran Canaria;Bovinos;Canaria;Reproductores macho;65
Gran Canaria;Asnos;Majorera;Hembras de vientre con más de 36 meses;60
Gran Canaria;Caballos;Pura Raza Española (PRE);Hembras de vientre con más de 36 meses;56
Gran Canaria;Bovinos;Holstein Frisona;Cebo;56
Gran Canaria;Conejos;Silvestre;Reposición;54
Gran Canaria;Asnos;Mestiza;No reproductores con más de 36 meses;47
Gran Canaria;Codornices;Desconocido;Granjas de producción para carne;46
Gran Canaria;Caballos;Pura Raza Española (PRE);Sementales con más de 36 meses;46
Gran Canaria;Pintadas;Desconocido;Granjas de producción para carne;45
Gran Canaria;Perdices;Desconocido;Granjas de producción para caza para repoblación;40
Gran Canaria;Palomas;Desconocido;Granjas de selección para huevos;40
Gran Canaria;Caballos;Póney Cruzado;No reproductores con más de 36 meses;39
Gran Canaria;Bovinos;Canaria;Cebo;39
Gran Canaria;Bovinos;Frisona Europea;Reproductores macho;38
Gran Canaria;Gallinas;Desconocido;Granjas de selección para huevos;37
Gran Canaria;Asnos;Majorera;Sementales con más de 36 meses;37
Gran Canaria;Porcinos;Blanco Belga;Cerdas;36
Gran Canaria;Caprinos;Palmera;No reproductores de 4 a 12 meses;36
Gran Canaria;Caballos;Otro;Hembras de vientre con más de 36 meses;36
Gran Canaria;Pavos;Desconocido;Granjas de producción para carne;35
Gran Canaria;Patos;Desconocido;Granjas de cría para carne;35
Gran Canaria;Porcinos;Negra Canaria;Verracos;33
Gran Canaria;Porcinos;Negra Canaria;Recría/Transición;31
Gran Canaria;Caballos;Pura Sangre Inglés (PSI);No reproductores con más de 36 meses;31
Gran Canaria;Caballos;Pura Raza Española (PRE);No reproductores con más de 36 meses;31
Gran Canaria;Caballos;Mestiza;Sementales con más de 36 meses;31
Gran Canaria;Bovinos;Roja Danesa;Reproductoras hembra;31
Gran Canaria;Bovinos;Jersey;Reposición;30
Gran Canaria;Porcinos;Mestiza;Verracos;28
Gran Canaria;Caballos;Póney Cruzado;Hembras de vientre con más de 36 meses;28
Gran Canaria;Caballos;Anglo-Árabe;Hembras de vientre con más de 36 meses;28
Gran Canaria;Conejos;Californiana;Cebo;27
Gran Canaria;Asnos;Mestiza;Sementales con más de 36 meses;26
Gran Canaria;Ocas;Desconocido;Granjas de producción para huevos;25
Gran Canaria;Caballos;Anglo-Árabe;No reproductores con más de 36 meses;25
Gran Canaria;Patos;Desconocido;Granjas de producción para carne;24
Gran Canaria;Bovinos;Montbeliarde;Reposición;24
Gran Canaria;Conejos;Neozelandés;Abuelos;23
Gran Canaria;Conejos;Común Gris Español;Cebo;23
Gran Canaria;Asnos;Majorera;No reproductores con más de 36 meses;23
Gran Canaria;Conejos;Silvestre;Madres;20
Gran Canaria;Conejos;Híbrido Selecto;Reposición;20
Gran Canaria;Conejos;Gigante Español;Reposición;20
Gran Canaria;Conejos;Gigante Español;Cebo;20
Gran Canaria;Caballos;Pura Raza Árabe (PRA);Hembras de vientre con más de 36 meses;19
Gran Canaria;Bovinos;Braunvieh;Reposición;19
Gran Canaria;Perdices;Desconocido;Granjas de cría para carne;18
Gran Canaria;Porcinos;Desconocido;Lechones;17
Gran Canaria;Caballos;Pura Sangre Inglés (PSI);Hembras de vientre con más de 36 meses;17
Gran Canaria;Caballos;Mestiza;Animales mayores de 12 meses y menores de 36 meses;17
Gran Canaria;Bovinos;Fleickvieh;Cebo;17
Gran Canaria;Faisanes;Desconocido;Granjas de producción para carne;15
Gran Canaria;Caprinos;Agrupación Canaria;No reproductores menores de 4 meses;15
Gran Canaria;Asnos;Mestiza;Animales mayores de 12 meses y menores de 36 meses;15
Gran Canaria;Perdices;Desconocido;Granjas de producción para carne;14
Gran Canaria;Caprinos;Otro;Reproductores macho;14
Gran Canaria;Bovinos;Charolaise;Cebo;14
Gran Canaria;Porcinos;Large White;Cebo;12
Gran Canaria;Porcinos;Desconocido;Cebo;12
Gran Canaria;Conejos;Desconocido;Reposición;12
Gran Canaria;Codornices;Desconocido;Granjas de producción para caza para repoblación;12
Gran Canaria;Caballos;Pura Sangre Inglés (PSI);Sementales con más de 36 meses;12
Gran Canaria;Conejos;Híbrido Selecto;Padres;11
Gran Canaria;Conejos;Común Pardo Español;Reposición;11
Gran Canaria;Caprinos;Otro;Reproductoras hembra;11
Gran Canaria;Caprinos;Otro;No reproductores de 4 a 12 meses;11
Gran Canaria;Caprinos;Agrupación Canaria;Reproductores macho;11
Gran Canaria;Caballos;Póney Cruzado;Sementales con más de 36 meses;11
Gran Canaria;Bovinos;Braunvieh;Cebo;11
Gran Canaria;Bovinos;Blanc Blue Belge (BBB);Reposición;11
Gran Canaria;Ocas;Desconocido;Granjas de producción para carne;10
Gran Canaria;Conejos;Desconocido;Madres;10
Gran Canaria;Conejos;Común Pardo Español;Cebo;10
Gran Canaria;Conejos;Común Gris Español;Madres;10
Gran Canaria;Caballos;Pura Raza Árabe (PRA);No reproductores con más de 36 meses;10
Gran Canaria;Bovinos;Limousin;Reproductores macho;10
Gran Canaria;Conejos;Híbrido Selecto;Reproductores macho;9
Gran Canaria;Conejos;Californiana;Reproductoras hembra;9
Gran Canaria;Asnos;Mestiza;Animales con menos de 6 meses;9
Gran Canaria;Porcinos;Negra Canaria;Reposición;8
Gran Canaria;Mulas;Mestiza;No reproductores con más de 36 meses;8
Gran Canaria;Gamos;Desconocido;Total;8
Gran Canaria;Conejos;Gigante Español;Madres;8
Gran Canaria;Conejos;Desconocido;Padres;8
Gran Canaria;Caprinos;Otro;No reproductores menores de 4 meses;8
Gran Canaria;Bovinos;Fleickvieh;Reproductoras hembra;8
Gran Canaria;Conejos;Híbrido Selecto;Reproductoras hembra;7
Gran Canaria;Conejos;Común Pardo Español;Madres;7
Gran Canaria;Caprinos;Palmera;Reproductores macho;7
Gran Canaria;Caballos;Pura Raza Árabe (PRA);Sementales con más de 36 meses;7
Gran Canaria;Caballos;Hispano-Árabe;No reproductores con más de 36 meses;7
Gran Canaria;Caballos;Caballo de Deporte Español;No reproductores con más de 36 meses;7
Gran Canaria;Caballos;Anglo-Árabe;Animales mayores de 12 meses y menores de 36 meses;7
Gran Canaria;Bovinos;Cachena;Reproductoras hembra;7
Gran Canaria;Avestruces;Desconocido;Granjas de producción para carne;7
Gran Canaria;Porcinos;Desconocido;Cerdas;6
Gran Canaria;Pavos;Desconocido;Granjas de producción para huevos;6
Gran Canaria;Pavos;Desconocido;Granjas de cría para carne;6
Gran Canaria;Patos;Desconocido;Granjas de cría para huevos (aves de explotación);6
Gran Canaria;Faisanes;Desconocido;Desconocido;6
Gran Canaria;Conejos;Híbrido Selecto;Abuelas;6
Gran Canaria;Caprinos;Mestiza;Reproductoras hembra;6
Gran Canaria;Caballos;Pura Raza Española (PRE);Animales mayores de 12 meses y menores de 36 meses;6
Gran Canaria;Caballos;Otro;Sementales con más de 36 meses;6
Gran Canaria;Asnos;Mestiza;Animales mayores de 6 meses y menores de 12 meses;6
Gran Canaria;Asnos;Majorera;Animales mayores de 12 meses y menores de 36 meses;6
Gran Canaria;Asnos;Majorera;Animales con menos de 6 meses;6
Gran Canaria;Ocas;Desconocido;Granjas de cría para carne;5
Gran Canaria;Conejos;Silvestre;Padres;5
Gran Canaria;Conejos;Desconocido;Reproductores macho;5
Gran Canaria;Conejos;Común Gris Español;Reproductoras hembra;5
Gran Canaria;Caballos;Caballo de Deporte Español;Hembras de vientre con más de 36 meses;5
Gran Canaria;Bovinos;Montbeliarde;Cebo;5
Gran Canaria;Bovinos;Holstein Frisona;Reproductores macho;5
Gran Canaria;Bovinos;Cebú;Reproductores macho;5
Gran Canaria;Bovinos;Asturiana de los Valles;Cebo;5
Gran Canaria;Porcinos;Blanco Belga;Verracos;4
Gran Canaria;Perdices;Desconocido;Granjas de cría para caza para repoblación;4
Gran Canaria;Pavos;Desconocido;Granjas de multiplicación para huevos;4
Gran Canaria;Mulas;Mestiza;Hembras de vientre con más de 36 meses;4
Gran Canaria;Caprinos;Desconocido;Reproductoras hembra;4
Gran Canaria;Caprinos;Desconocido;Cebo;4
Gran Canaria;Caballos;Mestiza;Animales con menos de 6 meses;4
Gran Canaria;Caballos;Hispano-Árabe;Animales mayores de 12 meses y menores de 36 meses;4
Gran Canaria;Caballos;Anglo-Árabe;Sementales con más de 36 meses;4
Gran Canaria;Bovinos;Cebú;Reproductoras hembra;4
Gran Canaria;Asnos;Majorera;Animales mayores de 6 meses y menores de 12 meses;4
Gran Canaria;Porcinos;Mestizo L-BB;Cerdas;3
Gran Canaria;Ovinos;Desconocido;No reproductores de 4 a 12 meses;3
Gran Canaria;Mulas;Mestiza;Sementales con más de 36 meses;3
Gran Canaria;Conejos;Gigante Español;Padres;3
Gran Canaria;Conejos;Común Pardo Español;Reproductoras hembra;3
Gran Canaria;Conejos;Común Gris Español;Padres;3
Gran Canaria;Bovinos;Simmentahl;Cebo;3
Gran Canaria;Bovinos;Otro;Reproductoras hembra;3
Gran Canaria;Bovinos;Dexter;Reproductoras hembra;3
Gran Canaria;Asnos;Andaluz;Hembras de vientre con más de 36 meses;3
Gran Canaria;Porcinos;Mestizo L-BB;Cebo;2
Gran Canaria;Pintadas;Desconocido;Granjas de producción para huevos;2
Gran Canaria;Faisanes;Desconocido;Granjas de cría para huevos (aves de explotación);2
Gran Canaria;Emúes;Desconocido;Granjas de producción para carne;2
Gran Canaria;Conejos;Gigante Español;Abuelas;2
Gran Canaria;Conejos;Común Pardo Español;Padres;2
Gran Canaria;Conejos;Común Gris Español;Reproductores macho;2
Gran Canaria;Conejos;Californiana;Reproductores macho;2
Gran Canaria;Codornices;Desconocido;Granjas de cría para carne;2
Gran Canaria;Caballos;Trotón Francés;No reproductores con más de 36 meses;2
Gran Canaria;Caballos;Quarter Horse;No reproductores con más de 36 meses;2
Gran Canaria;Caballos;Póney Cruzado;Animales mayores de 12 meses y menores de 36 meses;2
Gran Canaria;Caballos;Póney Cruzado;Animales con menos de 6 meses;2
Gran Canaria;Caballos;Puro Sangre Lusitano;Hembras de vientre con más de 36 meses;2
Gran Canaria;Caballos;Pura Sangre Inglés (PSI);Animales mayores de 12 meses y menores de 36 meses;2
Gran Canaria;Caballos;Pura Raza Española (PRE);Animales con menos de 6 meses;2
Gran Canaria;Caballos;Otro;Animales mayores de 12 meses y menores de 36 meses;2
Gran Canaria;Caballos;Irish Cob;Sementales con más de 36 meses;2
Gran Canaria;Caballos;Hispano-Árabe;Hembras de vientre con más de 36 meses;2
Gran Canaria;Caballos;Appalossa;Hembras de vientre con más de 36 meses;2
Gran Canaria;Bovinos;Retinta;Cebo;2
Gran Canaria;Bovinos;Otro;Reproductores macho;2
Gran Canaria;Bovinos;Normanda;Cebo;2
Gran Canaria;Bovinos;Mertolenga;Reproductores macho;2
Gran Canaria;Bovinos;Jersey;Reproductores macho;2
Gran Canaria;Bovinos;Jersey;Cebo;2
Gran Canaria;Bovinos;Fleickvieh;Reproductores macho;2
Gran Canaria;Bovinos;Dexter;Reproductores macho;2
Gran Canaria;Bovinos;Dexter;Reposición;2
Gran Canaria;Bovinos;Cachena;Reproductores macho;2
Gran Canaria;Bovinos;Bruna de los Pirineos;Reproductoras hembra;2
Gran Canaria;Asnos;Andaluz;Sementales con más de 36 meses;2
Gran Canaria;Porcinos;Large White;Cerdas;1
Gran Canaria;Porcinos;Desconocido;Verracos;1
Gran Canaria;Pavos;Desconocido;Granjas de cría para huevos (aves de explotación);1
Gran Canaria;Pavos;Desconocido;Desconocido;1
Gran Canaria;Ovinos;Desconocido;Reproductores macho;1
Gran Canaria;Ovinos;Desconocido;Reproductoras hembra;1
Gran Canaria;Mulas;Mestiza;Animales mayores de 12 meses y menores de 36 meses;1
Gran Canaria;Mulas;Mestiza;Animales con menos de 6 meses;1
Gran Canaria;Faisanes;Desconocido;Granjas de producción para huevos;1
Gran Canaria;Conejos;Híbrido Selecto;Abuelos;1
Gran Canaria;Conejos;Común Pardo Español;Reproductores macho;1
Gran Canaria;Codornices;Desconocido;Granjas de cría para huevos (aves de explotación);1
Gran Canaria;Caprinos;Saanen;Reproductoras hembra;1
Gran Canaria;Caprinos;Mestiza;Reproductores macho;1
Gran Canaria;Caprinos;Desconocido;Reproductores macho;1
Gran Canaria;Caprinos;Desconocido;No reproductores de 4 a 12 meses;1
Gran Canaria;Caballos;Selle Francais;No reproductores con más de 36 meses;1
Gran Canaria;Caballos;Quarter Horse;Sementales con más de 36 meses;1
Gran Canaria;Caballos;Quarter Horse;Hembras de vientre con más de 36 meses;1
Gran Canaria;Caballos;Quarter Horse;Animales mayores de 12 meses y menores de 36 meses;1
Gran Canaria;Caballos;Puro Sangre Lusitano;Sementales con más de 36 meses;1
Gran Canaria;Caballos;Puro Sangre Lusitano;No reproductores con más de 36 meses;1
Gran Canaria;Caballos;Pura Raza Árabe (PRA);Animales mayores de 6 meses y menores de 12 meses;1
Gran Canaria;Caballos;Pura Raza Española (PRE);Animales mayores de 6 meses y menores de 12 meses;1
Gran Canaria;Caballos;Pony Shetland;No reproductores con más de 36 meses;1
Gran Canaria;Caballos;Pony Shetland;Hembras de vientre con más de 36 meses;1
Gran Canaria;Caballos;Percherón;Hembras de vientre con más de 36 meses;1
Gran Canaria;Caballos;Paint Horse;Hembras de vientre con más de 36 meses;1
Gran Canaria;Caballos;Paint Horse;Animales mayores de 12 meses y menores de 36 meses;1
Gran Canaria;Caballos;Otro;Animales mayores de 6 meses y menores de 12 meses;1
Gran Canaria;Caballos;Oldenburger;No reproductores con más de 36 meses;1
Gran Canaria;Caballos;Mestiza;Animales mayores de 6 meses y menores de 12 meses;1
Gran Canaria;Caballos;Holsteiner;No reproductores con más de 36 meses;1
Gran Canaria;Caballos;Hispano-Árabe;Sementales con más de 36 meses;1
Gran Canaria;Caballos;Hispano-Bretón;No reproductores con más de 36 meses;1
Gran Canaria;Caballos;Hannoveriano;No reproductores con más de 36 meses;1
Gran Canaria;Caballos;Hannoveriano;Animales mayores de 12 meses y menores de 36 meses;1
Gran Canaria;Caballos;Falabella;Hembras de vientre con más de 36 meses;1
Gran Canaria;Caballos;Falabella;Animales mayores de 6 meses y menores de 12 meses;1
Gran Canaria;Caballos;Caballo de Deporte Español;Sementales con más de 36 meses;1
Gran Canaria;Caballos;Caballo de Deporte Español;Animales mayores de 6 meses y menores de 12 meses;1
Gran Canaria;Caballos;Belgian Warmblood;No reproductores con más de 36 meses;1
Gran Canaria;Caballos;Appalossa;Sementales con más de 36 meses;1
Gran Canaria;Caballos;Anglo-Árabe;Animales con menos de 6 meses;1
Gran Canaria;Bovinos;Tarentaise;Cebo;1
Gran Canaria;Bovinos;Salers;Cebo;1
Gran Canaria;Bovinos;Rubia Gallega;Reproductores macho;1
Gran Canaria;Bovinos;Montbeliarde;Reproductores macho;1
Gran Canaria;Bovinos;Mertolenga;Cebo;1
Gran Canaria;Bovinos;Limousin;Reproductoras hembra;1
Gran Canaria;Bovinos;Limousin;Reposición;1
Gran Canaria;Bovinos;Fleickvieh;Reposición;1
Gran Canaria;Bovinos;Blonde D'Aquitaine;Cebo;1
Gran Canaria;Asnos;Zamorano-Leonés;Hembras de vientre con más de 36 meses;1
Gran Canaria;Asnos;Andaluz;No reproductores con más de 36 meses;1
Gran Canaria;Asnos;Andaluz;Animales mayores de 12 meses y menores de 36 meses;1
Gran Canaria;Asnos;Andaluz;Animales con menos de 6 meses;1
Gran Canaria;Ovinos;Desconocido;Cebo;0
Gran Canaria;Caprinos;Agrupación Canaria;Cebo;0
Gran Canaria;Bovinos;Otro;Reposición;0
Fuerteventura;Caprinos;Majorera;Reproductoras hembra;57474
Fuerteventura;Gallinas;Desconocido;Granjas de producción para huevos. En jaula;15000
Fuerteventura;Caprinos;Majorera;No reproductores menores de 4 meses;9797
Fuerteventura;Caprinos;Majorera;No reproductores de 4 a 12 meses;7533
Fuerteventura;Ovinos;Canaria;Reproductoras hembra;4342
Fuerteventura;Porcinos;Mestiza;Lechones;2434
Fuerteventura;Porcinos;Mestiza;Cebo;2298
Fuerteventura;Caprinos;Majorera;Reproductores macho;2087
Fuerteventura;Porcinos;Mestiza;Recría/Transición;1510
Fuerteventura;Gallinas;Desconocido;Granjas de producción para huevos. Campera;1030
Fuerteventura;Ovinos;Canaria;No reproductores menores de 4 meses;810
Fuerteventura;Ovinos;Canaria de Pelo;Reproductoras hembra;751
Fuerteventura;Porcinos;Mestiza;Cerdas;706
Fuerteventura;Ovinos;Canaria;No reproductores de 4 a 12 meses;547
Fuerteventura;Ovinos;Canaria;Reproductores macho;391
Fuerteventura;Dromedarios;Desconocido;Total;337
Fuerteventura;Gallinas;Desconocido;Granjas de producción para huevos. En suelo;326
Fuerteventura;Palomas;Desconocido;Desconocido;230
Fuerteventura;Ovinos;Canaria de Pelo;No reproductores menores de 4 meses;152
Fuerteventura;Porcinos;Negra Canaria;Lechones;139
Fuerteventura;Porcinos;Mestiza;Reposición;122
Fuerteventura;Porcinos;Negra Canaria;Cebo;112
Fuerteventura;Ovinos;Canaria de Pelo;No reproductores de 4 a 12 meses;107
Fuerteventura;Porcinos;Negra Canaria;Cerdas;101
Fuerteventura;Gallinas;Desconocido;Granjas de cría para carne;100
Fuerteventura;Caballos;Mestiza;No reproductores con más de 36 meses;83
Fuerteventura;Asnos;Majorera;Hembras de vientre con más de 36 meses;76
Fuerteventura;Gallinas;Desconocido;Granjas de cría para huevos (aves de explotación);69
Fuerteventura;Ovinos;Canaria;Cebo;62
Fuerteventura;Asnos;Majorera;Sementales con más de 36 meses;55
Fuerteventura;Bovinos;Mestiza;Cebo;54
Fuerteventura;Ovinos;Canaria de Pelo;Reproductores macho;53
Fuerteventura;Porcinos;Desconocido;Cebo;50
Fuerteventura;Caballos;Mestiza;Hembras de vientre con más de 36 meses;50
Fuerteventura;Bovinos;Canaria;Cebo;50
Fuerteventura;Bovinos;Angus;Cebo;42
Fuerteventura;Porcinos;Desconocido;Recría/Transición;41
Fuerteventura;Porcinos;Desconocido;Lechones;40
Fuerteventura;Ovinos;Mestiza;Reproductoras hembra;34
Fuerteventura;Bovinos;Fleickvieh;Reproductoras hembra;34
Fuerteventura;Porcinos;Mestiza;Verracos;31
Fuerteventura;Asnos;Mestiza;No reproductores con más de 36 meses;30
Fuerteventura;Conejos;Común Pardo Español;Cebo;28
Fuerteventura;Porcinos;Desconocido;Cerdas;27
Fuerteventura;Palomas;Desconocido;Granjas de cría para carne;26
Fuerteventura;Porcinos;Negra Canaria;Verracos;24
Fuerteventura;Abejas;Negra Canaria;Trashumante;23
Fuerteventura;Bovinos;Mestiza;Reproductores macho;21
Fuerteventura;Pavos;Desconocido;Granjas de producción para huevos;20
Fuerteventura;Conejos;Híbrido Selecto;Reproductoras hembra;20
Fuerteventura;Asnos;Mestiza;Hembras de vientre con más de 36 meses;19
Fuerteventura;Conejos;Desconocido;Otro;18
Fuerteventura;Bovinos;Mestiza;Reproductoras hembra;18
Fuerteventura;Bovinos;Mestiza;Reposición;17
Fuerteventura;Porcinos;Negra Canaria;Recría/Transición;16
Fuerteventura;Bovinos;Fleickvieh;Cebo;16
Fuerteventura;Asnos;Mestiza;Sementales con más de 36 meses;14
Fuerteventura;Asnos;Majorera;Animales mayores de 12 meses y menores de 36 meses;13
Fuerteventura;Patos;Desconocido;Granjas de producción para huevos;12
Fuerteventura;Caballos;Pura Raza Española (PRE);Hembras de vientre con más de 36 meses;12
Fuerteventura;Caballos;Mestiza;Sementales con más de 36 meses;11
Fuerteventura;Bovinos;Canaria;Reproductoras hembra;11
Fuerteventura;Pavos;Desconocido;Granjas de producción para carne;10
Fuerteventura;Conejos;Común Pardo Español;Reproductoras hembra;10
Fuerteventura;Conejos;Común Gris Español;Reposición;10
Fuerteventura;Caprinos;Majorera;Cebo;10
Fuerteventura;Ocas;Desconocido;Granjas de cría para carne;9
Fuerteventura;Bovinos;Fleickvieh;Reposición;9
Fuerteventura;Conejos;Común Pardo Español;Reposición;8
Fuerteventura;Caballos;Pura Raza Española (PRE);Sementales con más de 36 meses;8
Fuerteventura;Asnos;Mestiza;Animales mayores de 12 meses y menores de 36 meses;8
Fuerteventura;Caballos;Póney Cruzado;Hembras de vientre con más de 36 meses;7
Fuerteventura;Bovinos;Frisona Europea;Reproductoras hembra;7
Fuerteventura;Asnos;Majorera;No reproductores con más de 36 meses;7
Fuerteventura;Pavos;Desconocido;Granjas de cría para carne;6
Fuerteventura;Ovinos;Mestiza;No reproductores menores de 4 meses;6
Fuerteventura;Caballos;Póney Cruzado;No reproductores con más de 36 meses;6
Fuerteventura;Bovinos;Canaria;Reproductores macho;6
Fuerteventura;Ovinos;Mestiza;No reproductores de 4 a 12 meses;5
Fuerteventura;Emúes;Desconocido;Granjas de producción para carne;5
Fuerteventura;Conejos;Común Gris Español;Reproductoras hembra;5
Fuerteventura;Caballos;Pura Raza Española (PRE);No reproductores con más de 36 meses;5
Fuerteventura;Caballos;Pony Shetland;No reproductores con más de 36 meses;5
Fuerteventura;Caballos;Otro;No reproductores con más de 36 meses;5
Fuerteventura;Bovinos;Canaria;Reposición;5
Fuerteventura;Asnos;Majorera;Animales mayores de 6 meses y menores de 12 meses;5
Fuerteventura;Conejos;Desconocido;Madres;4
Fuerteventura;Conejos;Común Pardo Español;Reproductores macho;4
Fuerteventura;Caprinos;Otro;Reproductoras hembra;4
Fuerteventura;Bovinos;Fleickvieh;Reproductores macho;4
Fuerteventura;Asnos;Mestiza;Animales con menos de 6 meses;4
Fuerteventura;Asnos;Majorera;Animales con menos de 6 meses;4
Fuerteventura;Abejas;Negra Canaria;Estante;4
Fuerteventura;Ovinos;Mestiza;Reproductores macho;3
Fuerteventura;Ocas;Desconocido;Granjas de producción para huevos;3
Fuerteventura;Conejos;Desconocido;Reposición;3
Fuerteventura;Caballos;Póney Cruzado;Animales mayores de 12 meses y menores de 36 meses;3
Fuerteventura;Caballos;Caballo de Deporte Español;No reproductores con más de 36 meses;3
Fuerteventura;Bovinos;Otro;Reproductoras hembra;3
Fuerteventura;Asnos;Mestiza;Animales mayores de 6 meses y menores de 12 meses;3
Fuerteventura;Porcinos;Desconocido;Verracos;2
Fuerteventura;Gallinas;Desconocido;Granjas de producción para carne;2
Fuerteventura;Faisanes;Desconocido;Granjas de producción para huevos;2
Fuerteventura;Camellos;Desconocido;Total;2
Fuerteventura;Caballos;Póney Cruzado;Sementales con más de 36 meses;2
Fuerteventura;Caballos;Póney Cruzado;Desconocido;2
Fuerteventura;Caballos;Pura Sangre Inglés (PSI);Sementales con más de 36 meses;2
Fuerteventura;Caballos;Pony Shetland;Hembras de vientre con más de 36 meses;2
Fuerteventura;Caballos;Hispano-Árabe;Hembras de vientre con más de 36 meses;2
Fuerteventura;Bovinos;Retinta;Reproductoras hembra;2
Fuerteventura;Bovinos;Holstein Frisona;Reproductoras hembra;2
Fuerteventura;Bovinos;Frisona Europea;Reproductores macho;2
Fuerteventura;Mulas;Mestiza;Sementales con más de 36 meses;1
Fuerteventura;Mulas;Mestiza;No reproductores con más de 36 meses;1
Fuerteventura;Mulas;Mestiza;Animales mayores de 12 meses y menores de 36 meses;1
Fuerteventura;Conejos;Híbrido Selecto;Reproductores macho;1
Fuerteventura;Conejos;Desconocido;Padres;1
Fuerteventura;Conejos;Común Gris Español;Reproductores macho;1
Fuerteventura;Caprinos;Otro;Reproductores macho;1
Fuerteventura;Caballos;Selle Francais;No reproductores con más de 36 meses;1
Fuerteventura;Caballos;Póney Cruzado;Animales con menos de 6 meses;1
Fuerteventura;Caballos;Pura Sangre Inglés (PSI);Hembras de vientre con más de 36 meses;1
Fuerteventura;Caballos;Pura Raza Española (PRE);Animales mayores de 12 meses y menores de 36 meses;1
Fuerteventura;Caballos;Mestiza;Animales mayores de 6 meses y menores de 12 meses;1
Fuerteventura;Caballos;Mestiza;Animales mayores de 12 meses y menores de 36 meses;1
Fuerteventura;Caballos;Koninklijk Warmbloed Paardenstamboek Nederland (KWPN);Hembras de vientre con más de 36 meses;1
Fuerteventura;Caballos;Hispano-Árabe;Animales mayores de 12 meses y menores de 36 meses;1
Fuerteventura;Caballos;Appalossa;Hembras de vientre con más de 36 meses;1
Fuerteventura;Caballos;Anglo-Árabe;Sementales con más de 36 meses;1
Fuerteventura;Bovinos;Otro;Reproductores macho;1
Fuerteventura;Bovinos;Otro;Reposición;1
Fuerteventura;Bovinos;Frisona Europea;Reposición;1
Fuerteventura;Bovinos;Blonde D'Aquitaine;Cebo;1
El Hierro;Caprinos;Majorera;Reproductoras hembra;4966
El Hierro;Ovinos;Canaria;Reproductoras hembra;2564
El Hierro;Gallinas;Desconocido;Granjas de producción para huevos. Ecológica;1006
El Hierro;Caprinos;Majorera;No reproductores menores de 4 meses;863
El Hierro;Gallinas;Desconocido;Granjas de producción para huevos. Campera;690
El Hierro;Caprinos;Majorera;No reproductores de 4 a 12 meses;634
El Hierro;Ovinos;Canaria de Pelo;Reproductoras hembra;465
El Hierro;Bovinos;Mestiza;Reproductoras hembra;334
El Hierro;Ovinos;Canaria;No reproductores menores de 4 meses;318
El Hierro;Abejas;Negra Canaria;Estante;212
El Hierro;Porcinos;Desconocido;Lechones;200
El Hierro;Caprinos;Majorera;Reproductores macho;189
El Hierro;Ovinos;Canaria;No reproductores de 4 a 12 meses;168
El Hierro;Abejas;Negra Canaria;Trashumante;166
El Hierro;Caprinos;Tinerfeña;Reproductoras hembra;164
El Hierro;Porcinos;Desconocido;Cebo;150
El Hierro;Conejos;Californiana;Cebo;135
El Hierro;Bovinos;Mestiza;Reproductores macho;105
El Hierro;Ovinos;Canaria de Pelo;No reproductores menores de 4 meses;102
El Hierro;Ovinos;Canaria;Reproductores macho;102
El Hierro;Porcinos;Negra Canaria;Cebo;92
El Hierro;Conejos;Híbrido Selecto;Madres;88
El Hierro;Bovinos;Mestiza;Cebo;73
El Hierro;Conejos;Híbrido Selecto;Cebo;65
El Hierro;Porcinos;Mestiza;Cebo;62
El Hierro;Conejos;Californiana;Madres;61
El Hierro;Bovinos;Frisona Europea;Reproductoras hembra;61
El Hierro;Abejas;Híbrida;Trashumante;55
El Hierro;Bovinos;Mestiza;Reposición;52
El Hierro;Bovinos;Fleickvieh;Reproductoras hembra;44
El Hierro;Ovinos;Canaria de Pelo;No reproductores de 4 a 12 meses;43
El Hierro;Gallinas;Desconocido;Granjas de producción para huevos. En suelo;42
El Hierro;Porcinos;Desconocido;Cerdas;40
El Hierro;Gallinas;Desconocido;Granjas de producción para huevos. En jaula;40
El Hierro;Porcinos;Negra Canaria;Cerdas;37
El Hierro;Abejas;Desconocido;Trashumante;37
El Hierro;Caprinos;Tinerfeña;No reproductores menores de 4 meses;36
El Hierro;Ovinos;Canaria de Pelo;Reproductores macho;34
El Hierro;Bovinos;Limousin;Reproductoras hembra;26
El Hierro;Abejas;Buckfast;Trashumante;23
El Hierro;Conejos;Californiana;Reposición;22
El Hierro;Ovinos;Canaria;Cebo;21
El Hierro;Conejos;Híbrido Selecto;Reposición;21
El Hierro;Bovinos;Holstein Frisona;Reproductoras hembra;20
El Hierro;Abejas;Híbrida;Estante;20
El Hierro;Porcinos;Mestiza;Cerdas;16
El Hierro;Conejos;Híbrido Selecto;Padres;16
El Hierro;Bovinos;Frisona Europea;Reposición;15
El Hierro;Porcinos;Mestiza;Reposición;14
El Hierro;Caprinos;Tinerfeña;No reproductores de 4 a 12 meses;13
El Hierro;Bovinos;Fleickvieh;Reproductores macho;13
El Hierro;Porcinos;Negra Canaria;Lechones;12
El Hierro;Bovinos;Limousin;Reproductores macho;11
El Hierro;Porcinos;Mestiza;Lechones;10
El Hierro;Conejos;Neozelandés;Cebo;10
El Hierro;Caprinos;Tinerfeña;Reproductores macho;10
El Hierro;Bovinos;Charolaise;Reproductoras hembra;10
El Hierro;Caballos;Mestiza;No reproductores con más de 36 meses;8
El Hierro;Conejos;Californiana;Abuelas;7
El Hierro;Caballos;Mestiza;Hembras de vientre con más de 36 meses;7
El Hierro;Porcinos;Negra Canaria;Verracos;6
El Hierro;Conejos;Californiana;Padres;6
El Hierro;Bovinos;Fleickvieh;Reposición;6
El Hierro;Porcinos;Desconocido;Verracos;4
El Hierro;Ovinos;Canaria de Pelo;Cebo;4
El Hierro;Conejos;Californiana;Reproductores macho;4
El Hierro;Caprinos;Majorera;Cebo;4
El Hierro;Bovinos;Fleickvieh;Cebo;4
El Hierro;Bovinos;Charolaise;Reproductores macho;4
El Hierro;Porcinos;Mestiza;Verracos;3
El Hierro;Conejos;Californiana;Reproductoras hembra;3
El Hierro;Caprinos;Mestiza;Reproductoras hembra;3
El Hierro;Caballos;Pura Raza Española (PRE);Hembras de vientre con más de 36 meses;3
El Hierro;Caballos;Anglo-Árabe;Hembras de vientre con más de 36 meses;3
El Hierro;Bovinos;Frisona Europea;Reproductores macho;3
El Hierro;Bovinos;Blonde D'Aquitaine;Reproductoras hembra;3
El Hierro;Mulas;Mestiza;No reproductores con más de 36 meses;2
El Hierro;Gallinas;Desconocido;Granjas de producción para carne;2
El Hierro;Conejos;Angora;Madres;2
El Hierro;Caballos;Pony Shetland;No reproductores con más de 36 meses;2
El Hierro;Caballos;Otro;Hembras de vientre con más de 36 meses;2
El Hierro;Caballos;Anglo-Árabe;Sementales con más de 36 meses;2
El Hierro;Caballos;Anglo-Árabe;No reproductores con más de 36 meses;2
El Hierro;Bovinos;Simmentahl;Reproductoras hembra;2
El Hierro;Bovinos;Montbeliarde;Reproductoras hembra;2
El Hierro;Bovinos;Holstein Frisona;Reproductores macho;2
El Hierro;Bovinos;Blonde D'Aquitaine;Reproductores macho;2
El Hierro;Asnos;Andaluz;No reproductores con más de 36 meses;2
El Hierro;Mulas;Mestiza;Sementales con más de 36 meses;1
El Hierro;Conejos;Neozelandés;Abuelos;1
El Hierro;Conejos;Angora;Padres;1
El Hierro;Caprinos;Desconocido;Reproductoras hembra;1
El Hierro;Caprinos;Agrupación Canaria;Reproductoras hembra;1
El Hierro;Caballos;Shagya;No reproductores con más de 36 meses;1
El Hierro;Caballos;Quarter Horse;Sementales con más de 36 meses;1
El Hierro;Caballos;Quarter Horse;No reproductores con más de 36 meses;1
El Hierro;Caballos;Quarter Horse;Hembras de vientre con más de 36 meses;1
El Hierro;Caballos;Pura Raza Árabe (PRA);No reproductores con más de 36 meses;1
El Hierro;Caballos;Pura Raza Española (PRE);Sementales con más de 36 meses;1
El Hierro;Caballos;Danés;Hembras de vientre con más de 36 meses;1
El Hierro;Bovinos;Salers;Reproductoras hembra;1
El Hierro;Bovinos;Rubia Gallega;Reproductoras hembra;1
El Hierro;Asnos;Mestiza;No reproductores con más de 36 meses;1
El Hierro;Asnos;Mestiza;Hembras de vientre con más de 36 meses;1
El Hierro;Asnos;Majorera;Hembras de vientre con más de 36 meses;1
El Hierro;Asnos;Andaluz;Hembras de vientre con más de 36 meses;1
